"1","Part","0","0","0","BLACK","2015-07-26 05:43:29"
"2","Part","0","0","0","BLACK","2015-07-26 05:43:31"
"3","Part","0","0","0","BLACK","2015-07-26 05:43:33"
"4","Part","0","0","0","BLACK","2015-07-26 05:43:35"
"5","Part","0","0","0","BLACK","2015-07-26 05:43:37"
"6","Part","0","0","0","BLACK","2015-07-26 05:43:39"
"7","Part","0","0","0","BLACK","2015-07-26 05:43:41"
"8","Part","0","0","0","BLACK","2015-07-26 05:43:43"
"9","Part","0","0","0","BLACK","2015-07-26 05:43:45"
"10","Part","0","0","0","BLACK","2015-07-26 05:43:45"
